{
  "best_instruction": "\u3010\u6307\u4ee4\u3011\u4ed4\u7ec6\u9605\u8bfb\u9898\u76ee\uff0c\u7406\u89e3\u5176\u4e2d\u8574\u542b\u7684\u6240\u6709\u4fe1\u606f\u4e0e\u9690\u542b\u6761\u4ef6\u3002\u9996\u5148\uff0c\u660e\u786e\u5df2\u77e5\u7684\u6570\u636e\u548c\u9700\u8981\u6c42\u89e3\u7684\u76ee\u6807\uff1b\u5176\u6b21\uff0c\u9010\u53e5\u89e3\u6790\u6587\u672c\uff0c\u7406\u6e05\u5404\u4e2a\u90e8\u5206\u4e4b\u95f4\u7684\u6570\u5b66\u5173\u8054\uff1b\u63a5\u7740\uff0c\u8fd0\u7528\u6070\u5f53\u7684\u6570\u5b66\u6982\u5ff5\u548c\u516c\u5f0f\u8fdb\u884c\u63a8\u5bfc\uff0c\u5e76\u786e\u4fdd\u6bcf\u4e00\u6b65\u9aa4\u90fd\u903b\u8f91\u4e25\u5bc6\uff1b\u800c\u540e\uff0c\u5c06\u590d\u6742\u7684\u8868\u8fbe\u7b80\u5316\u6210\u7b80\u6d01\u7684\u8ba1\u7b97\u6b65\u9aa4\uff1b\u6700\u7ec8\uff0c\u4ee5\u6e05\u6670\u51c6\u786e\u7684\u5f62\u5f0f\u7ed9\u51fa\u5b8c\u6574\u7684\u89e3\u9898\u8fc7\u7a0b\u548c\u6700\u7ec8\u6574\u6570\u7b54\u6848\u3002\u5728\u6574\u4e2a\u8fc7\u7a0b\u4e2d\uff0c\u8bf7\u4fdd\u6301\u601d\u8def\u6e05\u6670\u3001\u8868\u8ff0\u7cbe\u51c6\uff0c\u5e76\u6ce8\u610f\u68c0\u67e5\u6bcf\u4e00\u9636\u6bb5\u7684\u7ed3\u679c\u662f\u5426\u5408\u7406\u4e00\u81f4\u3002",
  "best_exemplar": "Q: Hannah sold 40 pieces of cookies for $0.8 each and 30 cupcakes for $2 each. She used the money to buy 2 sets of measuring spoons for $6.5 each. How much money does she have left?\nA: 79\n\nQ: James paves a new parking lot.  It is 400 feet by 500 feet.  Only 80% of that is useable for parking.  It takes 10 square feet to park a car.  How many cars can be parked?\nA: 16000\n\nQ: Tom's rabbit can run at 25 miles per hour.  His cat can run 20 miles per hour.  The cat gets a 15-minute head start.  In hours, how long will it take for the rabbit to catch up?\nA: 1\n\nQ: A school bus traveled for 42 minutes at a speed of 50 mph. What is the distance the bus traveled in miles?\nA: 35\n\nQ: Max fills up water balloons for 30 minutes at a rate of 2 water balloons every minute. Max\u2019s friend Zach fills up water balloons for 40 minutes at a rate of 3 water balloons every minute. In the process, 10 of the water balloons pop on the ground. How many filled water balloons do Max and Zach have in total?\nA: 170",
  "best_aggregated_accuracy": 0.8897700844955756,
  "best_per_model_accuracies": {
    "Qwen/Qwen2.5-7B-Instruct": 0.89,
    "meta-llama/Llama-3.1-8B-Instruct": 0.8896844983100891,
    "mistralai/Mistral-7B-Instruct-v0.3": 0.8896265625953674
  },
  "total_budget_used": 11000,
  "num_iterations": 8,
  "config": {
    "target_models": [
      "Qwen/Qwen2.5-7B-Instruct",
      "meta-llama/Llama-3.1-8B-Instruct",
      "mistralai/Mistral-7B-Instruct-v0.3"
    ],
    "aggregation": "weighted_softmin",
    "softmin_temperature": 0.1
  },
  "timestamp": "2025-12-14T15:37:54.560641"
}