{
  "total_clauses": 9414,
  "total_companies": 50,
  "overall_fairness": {
    "unfair": 1032,
    "fair": 8382,
    "unfair_percentage": 10.962396430847674
  },
  "category_statistics": {
    "Arbitration": {
      "unfair": 44,
      "total": 9414,
      "percentage": 0.4673889951136605
    },
    "Choice of Law": {
      "unfair": 188,
      "total": 9414,
      "percentage": 1.997025706394731
    },
    "Content Removal": {
      "unfair": 118,
      "total": 9414,
      "percentage": 1.2534523050775441
    },
    "Jurisdiction": {
      "unfair": 68,
      "total": 9414,
      "percentage": 0.7223284469938389
    },
    "Law": {
      "unfair": 70,
      "total": 9414,
      "percentage": 0.7435734013171872
    },
    "Limitation of Liability": {
      "unfair": 296,
      "total": 9414,
      "percentage": 3.1442532398555345
    },
    "Termination": {
      "unfair": 236,
      "total": 9414,
      "percentage": 2.5069046101550883
    },
    "Unilateral Change": {
      "unfair": 117,
      "total": 9414,
      "percentage": 1.24282982791587
    }
  },
  "multilabel_distribution": {
    "0_categories": 8382,
    "1_category": 937,
    "2_plus_categories": 95,
    "max_categories": 3
  }
}