{
  "timestamp": "20260103_121350",
  "vae_quality_metrics": {
    "cosine_mean": 0.9616258144378662,
    "cosine_std": 0.015124835073947906,
    "cosine_min": 0.9042589068412781,
    "cosine_max": 0.9914059638977051,
    "mse_mean": 9.993281128117815e-05,
    "mse_std": 3.9387574361171573e-05,
    "l2_relative_error": 0.27164575457572937,
    "latent_norm_mean": 7.9824066162109375,
    "latent_norm_std": 0.7032217979431152,
    "latent_var_mean": 1.0025756359100342,
    "latent_var_min": 0.8029939532279968,
    "latent_var_max": 1.2370834350585938,
    "active_dims": 64,
    "total_dims": 64,
    "kld_mean": 7.350278377532959,
    "kld_std": 3.2348227500915527,
    "posterior_collapsed": false
  },
  "round_trip_diagnostic": {
    "mean_similarity": 0.8964407324790955,
    "min_similarity": 0.8024863004684448,
    "max_similarity": 0.9642012715339661,
    "below_90": 5,
    "below_95": 8
  },
  "config": {
    "mode": "standard",
    "grid_path": null,
    "top_k": null,
    "validate_hyperband": false,
    "ape_instructions": 1000,
    "ape_model": "Qwen/Qwen2.5-7B-Instruct",
    "skip_ape": false,
    "vae_beta": 0.003,
    "vae_epochs": 10000,
    "vae_annealing": 500,
    "vae_latent_dim": 64,
    "vae_lr": 0.0003,
    "vae_patience": 500,
    "bmin": 10,
    "eta": 2.0,
    "gp_epochs": 10000,
    "gp_lr": 0.01,
    "gp_patience": 100,
    "iterations": 1,
    "vec2text_model": "512_tokens",
    "eval_model": "Qwen/Qwen2.5-7B-Instruct",
    "eval_backend": "vllm",
    "validation_samples": 1319,
    "debug": false
  },
  "vae_training": {
    "epochs_trained": 10000,
    "final_recon_loss": 0.03875428321771324,
    "final_kl_loss": 7.161608546972275,
    "final_cosine_similarity": 0.9612457156181335,
    "final_cycle_loss": 0.001432114302588161,
    "final_cycle_cosine": 0.9985678941011429,
    "final_beta": 0.003,
    "gamma": 1.0,
    "early_stopped": false,
    "num_embeddings": 1000,
    "latent_dim": 64
  },
  "gp_training": {
    "epochs_trained": 1758,
    "final_loss": 0.5869390368461609,
    "early_stopped": true,
    "num_samples": 267,
    "best_observed_error": 0.0833333358168602,
    "error_range": {
      "min": 0.0833333358168602,
      "max": 0.5
    },
    "cv_mae": 0.023822520673274995,
    "cv_corr": 0.8395918685333799,
    "cv_n_samples": 267
  },
  "ape_generation": {
    "llm_calls": 0
  },
  "hyperband": {
    "best_instruction": "Solve problem步骤：解析数据，应用计算",
    "best_error": 0.0954134746404239,
    "llm_calls": 0
  },
  "total_llm_calls": 1319,
  "inference": {
    "best_instruction": "Solve problem步骤：解析数据，应用计算",
    "best_error": 0.0954134746404239,
    "iterations": 1,
    "llm_calls": 1319,
    "improvement": 0.0,
    "use_inversion": true,
    "use_botorch": true,
    "history": [
      {
        "iteration": 1,
        "instruction": "Calculate the required value based on the time required to complete the required step.",
        "predicted_error": 0.30941233802187185,
        "actual_error": 0.13874147081122057,
        "improved": false,
        "best_so_far": 0.0954134746404239,
        "cosine_similarity": 0.9114917516708374,
        "log_ei": -3.381636142730713,
        "gap": 0.044274210929870605,
        "inversion_iters": 1,
        "z_opt_z_real_cosine": 0.563835084438324,
        "z_opt_z_real_euclidean": 5.7551445960998535,
        "z_opt_z_real_gp_cosine": 0.9999946355819702,
        "predicted_error_at_z_real": 0.30941233802187185
      }
    ]
  }
}