{
  "timestamp": "20260103_142320",
  "vae_quality_metrics": {
    "cosine_mean": 0.9299144148826599,
    "cosine_std": 0.05273152142763138,
    "cosine_min": 0.6290974020957947,
    "cosine_max": 0.9923051595687866,
    "mse_mean": 0.0001825148065108806,
    "mse_std": 0.00013732165098190308,
    "l2_relative_error": 0.35512927174568176,
    "latent_norm_mean": 8.001141548156738,
    "latent_norm_std": 0.6833652257919312,
    "latent_var_mean": 0.988502562046051,
    "latent_var_min": 0.3097880482673645,
    "latent_var_max": 1.3943511247634888,
    "active_dims": 64,
    "total_dims": 64,
    "kld_mean": 8.59745979309082,
    "kld_std": 2.4760968685150146,
    "posterior_collapsed": false
  },
  "round_trip_diagnostic": {
    "mean_similarity": 0.8784946739673615,
    "min_similarity": 0.7739599943161011,
    "max_similarity": 0.9274736642837524,
    "below_90": 6,
    "below_95": 10
  },
  "config": {
    "mode": "standard",
    "grid_path": null,
    "top_k": null,
    "validate_hyperband": false,
    "ape_instructions": 1000,
    "ape_model": "Qwen/Qwen2.5-7B-Instruct",
    "skip_ape": false,
    "vae_beta": 0.003,
    "vae_epochs": 10000,
    "vae_annealing": 500,
    "vae_latent_dim": 64,
    "vae_lr": 0.0006,
    "vae_patience": 500,
    "bmin": 10,
    "eta": 2.0,
    "gp_epochs": 10000,
    "gp_lr": 0.01,
    "gp_patience": 100,
    "iterations": 1,
    "vec2text_model": "512_tokens",
    "eval_model": "Qwen/Qwen2.5-7B-Instruct",
    "eval_backend": "vllm",
    "validation_samples": 1319,
    "debug": false
  },
  "vae_training": {
    "epochs_trained": 10000,
    "final_recon_loss": 0.04693649823849018,
    "final_kl_loss": 10.995675490452694,
    "final_cosine_similarity": 0.9530635040539962,
    "final_cycle_loss": 0.002136138796161574,
    "final_cycle_cosine": 0.9978638658156762,
    "final_beta": 0.003,
    "gamma": 1.0,
    "early_stopped": false,
    "num_embeddings": 1645,
    "latent_dim": 64
  },
  "gp_training": {
    "epochs_trained": 1168,
    "final_loss": 0.6248290538787842,
    "early_stopped": true,
    "num_samples": 267,
    "best_observed_error": 0.0833333358168602,
    "error_range": {
      "min": 0.0833333358168602,
      "max": 0.5
    }
  },
  "ape_generation": {
    "llm_calls": 0
  },
  "hyperband": {
    "best_instruction": "Solve problem步骤：解析数据，应用计算",
    "best_error": 0.0954134746404239,
    "llm_calls": 0
  },
  "total_llm_calls": 1319,
  "inference": {
    "best_instruction": "Solve problem步骤：解析数据，应用计算",
    "best_error": 0.0954134746404239,
    "iterations": 1,
    "llm_calls": 1319,
    "improvement": 0.0,
    "use_inversion": true,
    "use_botorch": true,
    "history": [
      {
        "iteration": 1,
        "instruction": "Using the logic of deductive reasoning, each element of the problem must be logically identified and analyzed in a logical manner, utilizing a rigorous, logical approach that consists of: Identifying the source of the deductive logic; Defining the underlying structure of the logic; Determining the appropriate sequence of steps to take to solve the problem; Completing a series of logical steps to resolve the issue; Resolving the problem through the use of ...",
        "predicted_error": 0.1639755064185806,
        "actual_error": 0.1925701288855194,
        "improved": false,
        "best_so_far": 0.0954134746404239,
        "cosine_similarity": 0.913480281829834,
        "log_ei": -2.9649972915649414,
        "gap": 0.026032567024230957,
        "inversion_iters": 1,
        "rejection_attempts": 3,
        "low_quality_accepted": false,
        "gp_samples": 268,
        "z_opt_z_real_cosine": 0.777547299861908,
        "z_opt_z_real_euclidean": 3.431082010269165,
        "z_opt_z_real_gp_cosine": 0.9516491889953613,
        "predicted_error_at_z_real": 0.1639755064185806
      }
    ]
  }
}